id;plant_id;event_at;label;note;image_url;created_at
cf13d14c-b34c-4347-ab89-626f63745d18;b0c928ad-4ef0-40da-b192-8e473cf92f24;2026-06-01;Rescue mission;Upptäckte rotröta då bladen började se ledsna ut. Inga levande rötter fanns kvar. Startade ett rescue mission.;https://roywwdnthvczcavmnrsw.supabase.co/storage/v1/object/public/plant-images/f4785c72-7b52-433a-87ca-a2b20e73af35.jpg;2026-06-01 21:19:08.078191+00
924821b1-a23d-49cf-a18c-cdbed1d14486;1bb2413b-7a30-49eb-af15-917541060c80;2026-06-01;Omplanterad;Planterade om och rensade från döda rötter. Ser mycket finare ut efter, saknar innan-bild. Vattnade EJ krukan efteråt för är lite orolig för rotröta och vill att den ska torka ut lite. Baddade med risvatten på bladen.;https://roywwdnthvczcavmnrsw.supabase.co/storage/v1/object/public/plant-images/2bc638ab-c3f8-426d-a680-e5cc3aed19e1.jpg;2026-06-01 21:27:26.316329+00
baa04ad6-8a45-4a4f-b57d-f3e72868142e;f1b07214-c06f-4171-a69e-dbf252315ee8;2026-06-01;Vattnad;Tvättade bladen med risvatten. Tycker bladen ser lite finare ut och är eventuellt lite mindre svampiga och deppiga.;https://roywwdnthvczcavmnrsw.supabase.co/storage/v1/object/public/plant-images/6712a310-fee2-4123-9d0b-ff088305935f/131cf12a-dcf5-4abe-8e64-9b7a20d17549.jpg;2026-06-02 07:34:56.898022+00
19843940-1eb3-47fe-9b57-e06e1c11b19f;7a054203-798f-4863-9448-0e7ea0877108;2026-06-01;Vattnad;Bladen tvättade med risvatten;https://roywwdnthvczcavmnrsw.supabase.co/storage/v1/object/public/plant-images/6712a310-fee2-4123-9d0b-ff088305935f/6f239fb6-8b97-4269-bd10-d189efe9272e.jpg;2026-06-02 07:36:11.796506+00
48f1bcc4-2089-449a-b8e3-9fb914384250;7a054203-798f-4863-9448-0e7ea0877108;2026-06-02;Rot-skott;Upptäckte en ny rot som är på väg! Tog också bort ett litet blad som var på väg att dö och såg fler rotskott under!;https://roywwdnthvczcavmnrsw.supabase.co/storage/v1/object/public/plant-images/6712a310-fee2-4123-9d0b-ff088305935f/29baf0d9-4db1-4b08-a36a-7e24de2ffa0f.jpg;2026-06-02 07:37:18.427273+00
8edfc9f0-a875-47f5-8e53-782f97081093;84db0ed8-f480-4e8d-8073-a2bc855f9e9c;2026-06-02;Blomstjälk och ny rot;Båda har vuxit ett tag.;https://roywwdnthvczcavmnrsw.supabase.co/storage/v1/object/public/plant-images/6712a310-fee2-4123-9d0b-ff088305935f/ccc4c42f-98fa-440e-9c78-a8ff7d6c402d.jpg;2026-06-02 07:43:39.264378+00
5fcb85ca-0cb4-4548-ae7a-163877d225de;acc33e32-19d2-44fd-a4e3-eedd23c1505a;2026-05-23;Vattnad;Hon var väldigt uttorkad men återhämtade sig fint.;https://roywwdnthvczcavmnrsw.supabase.co/storage/v1/object/public/plant-images/6712a310-fee2-4123-9d0b-ff088305935f/49b4c4c6-5b8c-4557-b14c-17f935e15daf.jpeg;2026-06-02 08:48:44.196813+00
1bfdeb2f-b053-4e70-8434-cdaebe807841;84db0ed8-f480-4e8d-8073-a2bc855f9e9c;2026-06-01;Risvatten på bladen;;;2026-06-02 07:50:42.933539+00
15033585-75d9-4955-bc25-18761a2adb63;84db0ed8-f480-4e8d-8073-a2bc855f9e9c;2026-06-02;Vattnad;;;2026-06-02 07:51:37.953754+00
2c51ef77-31c3-49c6-9eda-2b9490ad5b8e;84db0ed8-f480-4e8d-8073-a2bc855f9e9c;2026-05-21;Beskuren och vattnad;Klippte av henne från moderplantan;https://roywwdnthvczcavmnrsw.supabase.co/storage/v1/object/public/plant-images/6712a310-fee2-4123-9d0b-ff088305935f/1253fa83-694a-4968-90b3-e03cbe6bde1f.jpeg;2026-06-02 07:46:17.475267+00
f3e89350-10aa-4acd-b453-04a597a5123c;0fd4faf3-2a49-4eb8-a414-4fd5621c2fa3;2026-05-21;Omplanterad;Bladen hade sett deppiga ut ett tag och hon hade två Keiki. Propagerade båda men den ena var för liten för att kunna växa själv. Tog bort den för att den växte neråt mot rötterna och var i vägen.;https://roywwdnthvczcavmnrsw.supabase.co/storage/v1/object/public/plant-images/6712a310-fee2-4123-9d0b-ff088305935f/0684204a-b468-4b23-95f9-70cb3e7b8b95.jpeg;2026-06-02 08:00:52.119343+00
3d5134ac-427b-4a4d-8a9c-099fcc3ae5d3;c0846e97-4237-4b81-8412-cccb1d37163c;2026-05-22;Blommar;;https://roywwdnthvczcavmnrsw.supabase.co/storage/v1/object/public/plant-images/6712a310-fee2-4123-9d0b-ff088305935f/fec9490e-e0ab-495e-891b-71d9d81ed3cc.jpeg;2026-06-02 08:51:53.617038+00
a83441c2-0421-49ff-b3b7-83ca0d7310f0;acc33e32-19d2-44fd-a4e3-eedd23c1505a;2026-06-01;Omplanterad med blöta rötter;Såg döda rötter ovan jord och bladen började eventuellt se lite lite hängiga ut. Hittade döda och ruttna rötter som jag klippte bort. Satte i nytt torrt medium och väntar med att vattna tills hon ”läkt” lite. Rötterna var blöta. Risvatten på bladen.;https://roywwdnthvczcavmnrsw.supabase.co/storage/v1/object/public/plant-images/6712a310-fee2-4123-9d0b-ff088305935f/e05b1f71-040f-471a-baa8-d50fc5730642.jpeg;2026-06-02 08:47:06.554349+00
57b75c78-9c26-406f-92bd-d1b23702a9b6;c0846e97-4237-4b81-8412-cccb1d37163c;2026-05-27;Vattnad;;;2026-06-02 08:52:30.72919+00
db94edc5-7b73-4e89-bc6d-ed37c656e6e9;c3600f7b-c20e-451a-9e80-cbf2ec7fc548;2026-05-27;Vattnad;;;2026-06-02 08:55:19.401332+00
93a759a3-8568-4e07-a676-944a6cf2775c;c3600f7b-c20e-451a-9e80-cbf2ec7fc548;2026-06-02;Vattnad;Sprayade locket;;2026-06-02 09:42:47.97297+00
7190e173-244e-4c33-8356-65398be6c3a2;9dc66f66-2b90-46ab-8f35-3d7d97bee69e;2026-06-02;Vattnad;;;2026-06-02 09:58:40.609732+00
f4a8e55b-19f3-4ec3-b463-a47ed86a3ecb;32c4651e-0d2b-4999-b22b-8cfc7218a2c6;2026-06-01;Sticklingar;;https://roywwdnthvczcavmnrsw.supabase.co/storage/v1/object/public/plant-images/6712a310-fee2-4123-9d0b-ff088305935f/405b05ed-3226-490a-aa36-dd0e8f31047b.jpg;2026-06-02 09:40:47.659191+00
7b19462b-febc-49ad-9be8-d9dac73e2000;32c4651e-0d2b-4999-b22b-8cfc7218a2c6;2026-06-02;Vattnad;Sprayade locket;;2026-06-02 09:42:03.560419+00
37dd7ec3-bd26-4e8f-8a9e-4c0f9c43252a;c3600f7b-c20e-451a-9e80-cbf2ec7fc548;2026-06-01;Omplanterad;Tyckte bladen såg lite små ut när jag köpte henne men tänkte inte mer på det. Nu var bladen dessutom lite svampiga och deppiga så misstänkte rotröta. Upptäckte att hon hade inga rötter kvar som var friska och att hon eventuellt har kronröta också. Försöker rädda henne i ett terrarium med destillerat vatten!;https://roywwdnthvczcavmnrsw.supabase.co/storage/v1/object/public/plant-images/6712a310-fee2-4123-9d0b-ff088305935f/8f5cc867-3fe0-43a1-bf2e-000c19152f5a.jpeg;2026-06-02 08:56:49.252727+00
c74599e7-2e9e-4287-ad49-933202829266;9dc66f66-2b90-46ab-8f35-3d7d97bee69e;2026-06-01;Blommar;Har återhämtat sig ganska bra sen jag fick henne. Många nya blad och många blommor!;https://roywwdnthvczcavmnrsw.supabase.co/storage/v1/object/public/plant-images/6712a310-fee2-4123-9d0b-ff088305935f/4b7dd24b-8cd6-4b2c-a870-f07bc47cd61e.jpeg;2026-06-02 09:58:24.862482+00
3939f729-1d8f-401b-9448-c7557df50489;c0e3b058-7126-4010-967d-62ed75b6698b;2026-05-29;Vattnad;;;2026-06-02 10:03:31.091193+00
5dfbe0d1-cb9d-4f58-a920-4e1c626ee720;c0e3b058-7126-4010-967d-62ed75b6698b;2025-09-25;Vattnad;;https://roywwdnthvczcavmnrsw.supabase.co/storage/v1/object/public/plant-images/6712a310-fee2-4123-9d0b-ff088305935f/c3c10c3d-6db8-4874-92e6-1f5a2290adb0.png;2026-06-02 10:06:04.611564+00
d7d94212-7e8c-4077-b7f5-2b92c9104717;c0e3b058-7126-4010-967d-62ed75b6698b;2026-06-02;Nya blad;;https://roywwdnthvczcavmnrsw.supabase.co/storage/v1/object/public/plant-images/6712a310-fee2-4123-9d0b-ff088305935f/40072638-5d77-4b0f-99c9-d99feac3956b.jpg;2026-06-02 10:06:42.845816+00
b52f4ef8-f381-4fd1-a951-548b03f983f6;19e4d5a9-9da5-4b4e-ad2c-4b9be42f880e;2025-09-25;Vattnad;;https://roywwdnthvczcavmnrsw.supabase.co/storage/v1/object/public/plant-images/6712a310-fee2-4123-9d0b-ff088305935f/bc595235-9ec8-4bd9-ab26-ec4504d9e20f.png;2026-06-02 10:09:10.253181+00
badd0aa6-c88b-46fa-959c-5fe2e863deae;19e4d5a9-9da5-4b4e-ad2c-4b9be42f880e;2026-05-27;Vattnad;;;2026-06-02 10:09:28.104287+00
bc42d7c5-bcbf-4e4f-af21-44a2ec66da62;19e4d5a9-9da5-4b4e-ad2c-4b9be42f880e;2026-06-02;Nya blad;;https://roywwdnthvczcavmnrsw.supabase.co/storage/v1/object/public/plant-images/6712a310-fee2-4123-9d0b-ff088305935f/960c0c07-10a9-4641-bae1-d5aad1fc1110.jpg;2026-06-02 10:11:09.530038+00
7428c9a7-6762-46ae-9e8c-950324973433;04e45e95-08ed-41f3-9bb9-a28bdc4eb6a7;2026-05-21;Omplanterad;Avlägsnad från moderplantan;https://roywwdnthvczcavmnrsw.supabase.co/storage/v1/object/public/plant-images/6712a310-fee2-4123-9d0b-ff088305935f/7cbb6155-1a21-4d7d-9812-4457f2d6f82a.jpeg;2026-06-02 08:29:40.907473+00
2a9e86fa-7fa9-41f2-bcd2-3c3c55e2e12d;04e45e95-08ed-41f3-9bb9-a28bdc4eb6a7;2026-05-21;Vattnad;;;2026-06-02 08:29:56.799648+00
997773ed-c33d-475b-ba84-96f64c795559;04e45e95-08ed-41f3-9bb9-a28bdc4eb6a7;2026-06-03;Vattnad m. näring;;;2026-06-03 10:00:26.407574+00
b6e19ed5-2e5b-44c2-ac33-6521e6855eba;a162605a-3e3a-4864-a84b-3ef425d41072;2026-05-18;Beskuren;Kraftigt beskuren då den blivit väldigt långbent. Fina blad satt i vatten för att få rötter.;https://roywwdnthvczcavmnrsw.supabase.co/storage/v1/object/public/plant-images/6712a310-fee2-4123-9d0b-ff088305935f/3b2eac7c-b5b6-481d-ae62-b18aa32785e1.jpeg;2026-06-02 10:27:39.199081+00
730c694a-84d3-4ada-8a30-b0dda995a16d;a162605a-3e3a-4864-a84b-3ef425d41072;2026-05-18;Sticklingar;Sticklingar satta i vatten, de ska tillbaka till moderplantan sen.;https://roywwdnthvczcavmnrsw.supabase.co/storage/v1/object/public/plant-images/6712a310-fee2-4123-9d0b-ff088305935f/b8520245-33ab-4e94-98dc-cda6ad57de22.jpeg;2026-06-02 10:29:06.65351+00
5b44a02c-0d67-4889-9cf8-a3e4448a80a8;a162605a-3e3a-4864-a84b-3ef425d41072;2026-05-21;Små rötter;Små små rötter på sticklingarna;https://roywwdnthvczcavmnrsw.supabase.co/storage/v1/object/public/plant-images/6712a310-fee2-4123-9d0b-ff088305935f/95e75c34-44ed-4db2-b3c3-16dcf7b1d525.jpeg;2026-06-02 10:29:57.178399+00
3c23b961-84cd-4eb1-85da-c860df9da44f;a162605a-3e3a-4864-a84b-3ef425d41072;2026-05-24;Rötterna växer;Lite längre rötter;https://roywwdnthvczcavmnrsw.supabase.co/storage/v1/object/public/plant-images/6712a310-fee2-4123-9d0b-ff088305935f/d771f107-3a04-4335-b165-890911b634a1.jpeg;2026-06-02 10:30:53.725607+00
08096372-6dd5-44b0-9df5-df7eeeeab3a3;a162605a-3e3a-4864-a84b-3ef425d41072;2026-05-29;Vattnad;;;2026-06-02 10:31:09.698071+00
2f802bf4-ba27-4ad4-a460-657b61eab97f;a162605a-3e3a-4864-a84b-3ef425d41072;2026-06-02;Rötterna färdiga att planteras;;https://roywwdnthvczcavmnrsw.supabase.co/storage/v1/object/public/plant-images/6712a310-fee2-4123-9d0b-ff088305935f/1152ab9b-2862-4302-b217-b9e035a9f2d3.jpg;2026-06-02 10:32:01.075626+00
9b66ebed-36bc-452c-876c-7de13f108290;c3600f7b-c20e-451a-9e80-cbf2ec7fc548;2026-05-16;Blommar;;https://roywwdnthvczcavmnrsw.supabase.co/storage/v1/object/public/plant-images/6712a310-fee2-4123-9d0b-ff088305935f/235ea71d-5e4b-496d-8da4-3d412238784f.jpeg;2026-06-02 08:55:05.541308+00
37a0259b-ad69-4f68-b7c7-b8585db02054;c972f68d-de96-4e3f-9f29-09515d1de731;2025-12-18;Vattnad;;https://roywwdnthvczcavmnrsw.supabase.co/storage/v1/object/public/plant-images/6712a310-fee2-4123-9d0b-ff088305935f/a1226988-a35a-43e0-93de-558923a5e0f8.jpeg;2026-06-02 11:15:02.000057+00
68ca4072-7103-41e7-a518-640e54563bbf;c972f68d-de96-4e3f-9f29-09515d1de731;2026-04-21;Vattnad;Växer!!;https://roywwdnthvczcavmnrsw.supabase.co/storage/v1/object/public/plant-images/6712a310-fee2-4123-9d0b-ff088305935f/f93f82e6-fc13-4574-9645-544065e12665.jpeg;2026-06-02 11:19:46.828308+00
44144482-9ffa-4e84-91bf-b914da74995d;c972f68d-de96-4e3f-9f29-09515d1de731;2026-05-26;Beskuren;Propagerade fyra sticklingar från topp-bladen. Så nu ser den rätt liten och ynklig ut.;https://roywwdnthvczcavmnrsw.supabase.co/storage/v1/object/public/plant-images/6712a310-fee2-4123-9d0b-ff088305935f/128ec823-dbf4-47c7-bcc4-4dec165fa652.jpg;2026-06-02 11:22:37.431355+00
b8fc6ea2-04df-4013-912f-18deeb74c508;c972f68d-de96-4e3f-9f29-09515d1de731;2026-06-02;Ny tillväxt börjar synas;;https://roywwdnthvczcavmnrsw.supabase.co/storage/v1/object/public/plant-images/6712a310-fee2-4123-9d0b-ff088305935f/728e0f0a-a45c-481a-9c09-afa243dc42ec.jpg;2026-06-02 11:26:09.766981+00
a70a0ca5-b771-42a5-9177-72ae0a2863f8;19903418-cd1e-4dae-bd38-401dd5524736;2026-05-26;Propagerade;Fyra sticklingar i vatten.;https://roywwdnthvczcavmnrsw.supabase.co/storage/v1/object/public/plant-images/6712a310-fee2-4123-9d0b-ff088305935f/b7d02052-3ffa-40e3-b1f9-0c053757677e.jpeg;2026-06-02 11:27:04.333635+00
82dd6752-0036-4abd-a9aa-ddc71055d456;19903418-cd1e-4dae-bd38-401dd5524736;2026-06-02;Börjar se rötter;;https://roywwdnthvczcavmnrsw.supabase.co/storage/v1/object/public/plant-images/6712a310-fee2-4123-9d0b-ff088305935f/532b49da-979b-4ea6-9bfe-9c91c75ba2bd.jpg;2026-06-02 11:27:47.880848+00
e70fe23b-839e-410c-97b6-6e1ae932ac17;03755eed-223d-4182-adae-7a2e886c6ad5;2026-05-22;Vattnad;;;2026-06-02 21:51:19.041534+00
6da60a7b-40fd-407f-9b80-3bbf392eaebc;a162605a-3e3a-4864-a84b-3ef425d41072;2026-05-26;Små blad börjar synas;Efter beskärningen börjar små små blad poppa upp;https://roywwdnthvczcavmnrsw.supabase.co/storage/v1/object/public/plant-images/6712a310-fee2-4123-9d0b-ff088305935f/34c7ec8b-d5c1-4085-a539-1c07104c7c34.jpeg;2026-06-02 21:53:04.252797+00
ea87c08a-b494-4f47-9e2b-ede54359d092;dac2efe5-8f46-4a88-b31b-ebb538045362;2026-05-27;Vattnad;;;2026-06-02 21:22:29.701222+00
8c0230a8-10c1-411f-a027-733d87ffb6c8;dac2efe5-8f46-4a88-b31b-ebb538045362;2026-05-21;Omplanterad;Fick större kruka med blomjord och perlit.;https://roywwdnthvczcavmnrsw.supabase.co/storage/v1/object/public/plant-images/6712a310-fee2-4123-9d0b-ff088305935f/4a8ef26e-5b32-4bc9-af9b-b5b9a9fc2ed0.jpeg;2026-06-02 21:25:14.122743+00
baadf9a2-95f6-4c75-af0b-f190c70acd2d;dac2efe5-8f46-4a88-b31b-ebb538045362;2026-06-02;Flyttad;Stått ett par veckor i direkt solljus på köksfönstret men den verkar inte gilla det. Bladen är mjuka och lite bleka, trots vatten.;;2026-06-02 21:26:26.519748+00
23e09c2b-d500-4e00-a64d-b913f183eca6;f1b07214-c06f-4171-a69e-dbf252315ee8;2026-05-21;Omplanterad;Försöker rädda henne. Skadan på bladet kan tydligen vara svamp och bladen var allmänt hängiga. Upptäckte även döda rötter. Hon hade en Keiki med egna rötter som kunde avlägsnas och en annan Keiki som fick sitta kvar.;https://roywwdnthvczcavmnrsw.supabase.co/storage/v1/object/public/plant-images/6712a310-fee2-4123-9d0b-ff088305935f/9241a439-63ea-450a-95ab-6f6ea776775b.jpeg;2026-06-02 07:33:12.979342+00
5f01d7e9-c608-45e1-8995-c1887246d15a;8412bda4-bffe-4728-9d6f-912362c65e66;2026-05-28;Vattnad;Vattnad med neutraliserat vatten;https://roywwdnthvczcavmnrsw.supabase.co/storage/v1/object/public/plant-images/6712a310-fee2-4123-9d0b-ff088305935f/de2f5aa0-d2e7-4292-b3ec-1d58f5fecd71.jpeg;2026-06-02 21:37:14.250211+00
4e949bbf-cee5-4d1f-a580-efd32e2c2c75;8412bda4-bffe-4728-9d6f-912362c65e66;2026-06-02;2 nya blad!;Upptäckte två nya blad på väg;https://roywwdnthvczcavmnrsw.supabase.co/storage/v1/object/public/plant-images/6712a310-fee2-4123-9d0b-ff088305935f/e2443e6a-c6bb-4e5c-97e5-00023c17b0d6.jpeg;2026-06-02 21:38:00.523434+00
df1bf5ab-71b1-4444-abf5-80a5fb429d50;78d012e9-173a-4b0a-8611-b46c7a32471d;2026-05-28;Vattnad;Vattnad med neutraliserat vatten.;https://roywwdnthvczcavmnrsw.supabase.co/storage/v1/object/public/plant-images/6712a310-fee2-4123-9d0b-ff088305935f/da942f61-926c-4257-8004-5e3124dd21dd.jpeg;2026-06-02 21:40:36.90844+00
2a1b6a73-5a6e-4b76-9b33-e4d4e9bee6b5;03755eed-223d-4182-adae-7a2e886c6ad5;2026-05-26;Bladet slår ut;Bladet som bara var ett skott när jag köpte henne slår ut;https://roywwdnthvczcavmnrsw.supabase.co/storage/v1/object/public/plant-images/6712a310-fee2-4123-9d0b-ff088305935f/0cb7577d-fd49-43db-aa5a-ccfd70171163.jpeg;2026-06-02 21:49:47.181057+00
ead85b8b-2bb3-4b12-a0c5-26421045d1f9;03755eed-223d-4182-adae-7a2e886c6ad5;2026-06-02;Bladet utslaget;;https://roywwdnthvczcavmnrsw.supabase.co/storage/v1/object/public/plant-images/6712a310-fee2-4123-9d0b-ff088305935f/3c9a7110-9407-40e2-a986-52b8fa8ded12.jpeg;2026-06-02 21:50:25.920103+00
bab6ae6d-9291-459d-bc21-c63d613ef722;ce029c82-a7e4-4c8a-b191-cdb5449f2285;2026-06-01;Uuups!;Någon tog en tugga🐱;https://roywwdnthvczcavmnrsw.supabase.co/storage/v1/object/public/plant-images/6712a310-fee2-4123-9d0b-ff088305935f/d5dd38cd-9887-480d-9029-7b00f4a3e5a8.jpeg;2026-06-02 21:59:49.767578+00
eaf48bd5-aca6-47ae-bef7-dbf9f40f97c5;ce029c82-a7e4-4c8a-b191-cdb5449f2285;2026-06-02;Nytt blad;Såg ett nytt blad på väg;https://roywwdnthvczcavmnrsw.supabase.co/storage/v1/object/public/plant-images/6712a310-fee2-4123-9d0b-ff088305935f/205fc608-acdb-4ca1-97c5-290c5ccdffb4.jpeg;2026-06-02 22:00:22.998817+00
1e4b60cc-00bc-4c48-adc0-ab16491cda54;9dc66f66-2b90-46ab-8f35-3d7d97bee69e;2026-06-03;Blommar;Så många fina blommor!!;https://roywwdnthvczcavmnrsw.supabase.co/storage/v1/object/public/plant-images/6712a310-fee2-4123-9d0b-ff088305935f/6316cd36-b97c-4499-a36b-e043bff6628e.jpg;2026-06-03 09:13:05.209087+00
a93620b7-12f0-4435-9143-6c55ee50bc7b;acc33e32-19d2-44fd-a4e3-eedd23c1505a;2026-06-03;Vattnad m. näring;;;2026-06-03 09:52:53.935869+00
9744aa77-63f2-4269-856c-ba2e783a6d89;84db0ed8-f480-4e8d-8073-a2bc855f9e9c;2026-06-03;Luftroten växer;Ny utväxt på en av luftrötterna;https://roywwdnthvczcavmnrsw.supabase.co/storage/v1/object/public/plant-images/6712a310-fee2-4123-9d0b-ff088305935f/7de72f69-4589-4800-a09d-cd02af3dedda.jpg;2026-06-03 09:55:08.261049+00
86738cc8-a572-4461-b33a-4f42f5e63731;9ff186d7-cafe-4d71-89c3-d7e866939878;2026-06-03;Blad slår ut;Ett av de nya bladen håller på att slå ut;https://roywwdnthvczcavmnrsw.supabase.co/storage/v1/object/public/plant-images/6712a310-fee2-4123-9d0b-ff088305935f/6da599da-2265-4079-8826-ce6cf0c0a19b.jpg;2026-06-03 09:57:22.58921+00
efabc703-dcb3-49e1-866d-d412b4c6b59d;a162605a-3e3a-4864-a84b-3ef425d41072;2026-06-03;Omplanterad;Ny jord och sticklingarna tillbaka i samma kruka!;https://roywwdnthvczcavmnrsw.supabase.co/storage/v1/object/public/plant-images/6712a310-fee2-4123-9d0b-ff088305935f/650b2766-1a5c-48e1-81bd-ceeb24af035d.jpeg;2026-06-03 19:16:42.885991+00
e42412ff-c8ed-4e2a-9d82-eca6942a1f6e;a162605a-3e3a-4864-a84b-3ef425d41072;2026-06-03;Vattnad;3 dl;;2026-06-03 19:42:38.059747+00
dfffdce3-ebfb-4fbf-9580-295ce0b8e8ed;c0e3b058-7126-4010-967d-62ed75b6698b;2026-06-03;Omplanterad;Större kruka;https://roywwdnthvczcavmnrsw.supabase.co/storage/v1/object/public/plant-images/6712a310-fee2-4123-9d0b-ff088305935f/792266f3-6632-441d-9104-14046fb26c5e.jpg;2026-06-03 19:43:44.579627+00
ffbb2c4d-9f24-4cbf-ba02-a5aca0309d5a;c0e3b058-7126-4010-967d-62ed75b6698b;2026-06-03;Vattnad;3dl;;2026-06-03 19:43:59.193187+00
892dcefb-efd5-484d-94b0-61547e970061;19e4d5a9-9da5-4b4e-ad2c-4b9be42f880e;2026-06-03;Omplanterad;Större kruka;https://roywwdnthvczcavmnrsw.supabase.co/storage/v1/object/public/plant-images/6712a310-fee2-4123-9d0b-ff088305935f/402a4190-30d4-4078-bdcf-83a18b420f0c.jpg;2026-06-03 19:44:38.633691+00
448a622b-0bd3-443a-a180-a624dc9e9a88;19e4d5a9-9da5-4b4e-ad2c-4b9be42f880e;2026-06-03;Vattnad;2 dl;;2026-06-03 19:44:50.868088+00
ee04e612-9360-44c7-a657-bf63cb6dcf96;03755eed-223d-4182-adae-7a2e886c6ad5;2026-06-03;Vattnad;;;2026-06-03 19:50:49.306095+00
ac2bd813-950f-4299-864b-a304b1e4dabe;8231d701-c539-4de5-aa9a-5e22864f23b6;2026-06-03;Omplanterad;Hade rätt mycket rötter. Kan vara bra att ha koll på ifall hon verkar tycka krukan är för liten.;https://roywwdnthvczcavmnrsw.supabase.co/storage/v1/object/public/plant-images/6712a310-fee2-4123-9d0b-ff088305935f/d7c4ae90-4077-424b-bf79-f920c79d4af2.jpg;2026-06-03 19:51:54.501054+00
512d64cb-c335-42c9-ac35-45187151383d;8231d701-c539-4de5-aa9a-5e22864f23b6;2026-06-03;Vattnad;;;2026-06-03 19:51:59.845111+00
b4522ddc-1564-405c-a108-f166c4c15847;9f878ec4-c6d5-4e8e-979d-fa238b4959ab;2026-06-03;Omplanterad;Hade ganska mycket rötter så håll koll ifall krukan är för liten;https://roywwdnthvczcavmnrsw.supabase.co/storage/v1/object/public/plant-images/6712a310-fee2-4123-9d0b-ff088305935f/17a36e90-ded2-4db1-b23b-d99ca000f08d.jpg;2026-06-03 19:54:06.221188+00
59cf02fd-e16c-490b-8e40-cbd3ecf6cc0d;9f878ec4-c6d5-4e8e-979d-fa238b4959ab;2026-06-03;Vattnad;;;2026-06-03 19:54:53.687493+00
4e18cf09-a8cd-4465-9c04-0739d9df2867;27dd967c-a3bb-4898-b431-83feace874f6;2026-06-03;Omplanterad;Hade ganska lite rötter så krukan borde vara perfekt ett bra tag;https://roywwdnthvczcavmnrsw.supabase.co/storage/v1/object/public/plant-images/6712a310-fee2-4123-9d0b-ff088305935f/5d6e7fd9-4ebe-4841-b959-63d9c1426bed.jpg;2026-06-03 19:55:45.499255+00
07f8952f-f5ef-4ccf-b4e5-ca0065bb6c4c;27dd967c-a3bb-4898-b431-83feace874f6;2026-06-03;Vattnad;;;2026-06-03 19:55:54.655053+00
ecde3ccf-1855-4866-aced-3cb85cd45a59;9e201ce9-9093-463a-9ef8-78fa25409109;2026-06-03;Omplanterad;Jordfäst och vattnad;https://roywwdnthvczcavmnrsw.supabase.co/storage/v1/object/public/plant-images/6712a310-fee2-4123-9d0b-ff088305935f/bfc3424e-d215-45b9-992b-fe9a3372c073.jpeg;2026-06-03 20:56:16.508057+00
3ebe4f09-967b-45f1-b85e-9ef54e74bd1a;8412bda4-bffe-4728-9d6f-912362c65e66;2026-06-04;Vattnad;;;2026-06-04 07:56:48.47513+00
88ce4735-e004-485e-8271-8403efbd4aac;78d012e9-173a-4b0a-8611-b46c7a32471d;2026-06-04;Vattnad;;;2026-06-04 07:57:09.236314+00
fc40357d-9c63-42ad-94f3-3db3304e1d30;acc33e32-19d2-44fd-a4e3-eedd23c1505a;2026-06-04;Deppiga blad;Ett par av bladen är mjuka och särskilt ett är väldigt deppigt och hänger. Kanske en shock efter omplantering, klippta rötter mm.;https://roywwdnthvczcavmnrsw.supabase.co/storage/v1/object/public/plant-images/6712a310-fee2-4123-9d0b-ff088305935f/171f1513-0759-43e7-8f03-7d5f59d1808f.jpeg;2026-06-04 08:05:43.743842+00
df59ba0e-471a-489e-ad3b-4c92f63d610e;dac2efe5-8f46-4a88-b31b-ebb538045362;2026-06-04;Nytt blad;Ny miljö verkar ha piggat upp!;https://roywwdnthvczcavmnrsw.supabase.co/storage/v1/object/public/plant-images/6712a310-fee2-4123-9d0b-ff088305935f/aece3cf3-319b-43ee-8b02-50d966b76696.jpg;2026-06-04 08:08:59.00539+00
0ab92fd6-0a3f-4a4e-88e1-0b6070c4b6e6;78d012e9-173a-4b0a-8611-b46c7a32471d;2026-06-02;2 nya blad!;Upptäckte två nya blad på väg;https://roywwdnthvczcavmnrsw.supabase.co/storage/v1/object/public/plant-images/6712a310-fee2-4123-9d0b-ff088305935f/5742cdae-9c4c-4e9d-88d4-6f895e6b9672.jpeg;2026-06-02 21:41:55.444036+00
d67fd830-e5b8-4dd1-beba-07e79dfc5ffa;78d012e9-173a-4b0a-8611-b46c7a32471d;2026-06-04;Två nya blad till!;ytterligare 2 blad!!🎉;https://roywwdnthvczcavmnrsw.supabase.co/storage/v1/object/public/plant-images/6712a310-fee2-4123-9d0b-ff088305935f/da4f69ce-a77a-41a9-a208-7d0d38ee44eb.jpg;2026-06-04 08:13:42.454241+00
b2455dbe-71dc-4dde-9ef3-246c190e73d0;9f878ec4-c6d5-4e8e-979d-fa238b4959ab;2026-06-04;Gul och mjuk stam;Upptäckte att hon gulnat och blivit mjuk mot stammen. Antagligen övernattning. Tog ur henne ur den blöta jorden och låter henne torka några dagar i hushållspapper.;https://roywwdnthvczcavmnrsw.supabase.co/storage/v1/object/public/plant-images/6712a310-fee2-4123-9d0b-ff088305935f/26ad59cf-6dc4-48c3-b2f8-3e91a1dc2167.jpg;2026-06-04 08:27:19.0238+00
23ad01dc-3d3a-4019-8c31-d963b7dca7c4;0fd4faf3-2a49-4eb8-a414-4fd5621c2fa3;2026-05-21;Vattnad;;;2026-06-04 10:08:55.044406+00
690f48af-47d5-4c95-bb73-7f48046ced48;98a7d0af-df24-4a9a-96ef-ad4e61268c09;2026-05-28;Vattnad;;;2026-06-04 10:10:44.042883+00
ef5c35f1-eddd-4ba0-95ec-bc8ac411e3dc;98a7d0af-df24-4a9a-96ef-ad4e61268c09;2026-05-28;Omplanterad;;https://roywwdnthvczcavmnrsw.supabase.co/storage/v1/object/public/plant-images/6712a310-fee2-4123-9d0b-ff088305935f/3e44fa84-9444-4989-a666-bc23611a2af4.jpg;2026-06-04 10:10:34.759577+00
a8a6a87d-e85a-482d-b1c2-e0343604e8e7;c972f68d-de96-4e3f-9f29-09515d1de731;2026-06-04;Vattnad;;;2026-06-04 21:33:10.51092+00
5fd9d5a5-31f3-4851-bcd3-950712f9452c;0fd4faf3-2a49-4eb8-a414-4fd5621c2fa3;2026-06-04;Misstänkt stamröta;Försök till att rädda henne enligt bild.;https://roywwdnthvczcavmnrsw.supabase.co/storage/v1/object/public/plant-images/6712a310-fee2-4123-9d0b-ff088305935f/f56fb55b-3a2a-4935-a1ca-61fec2b38141.jpg;2026-06-04 21:34:11.293443+00
9dee7541-7c46-477e-bb18-40dfb6007f62;7a054203-798f-4863-9448-0e7ea0877108;2026-06-04;Avlägsnad från mamman;Mamman är döende, oklart hur länge hon hade kunnat ge Bella näring. Bella kommer få svårt att överleva då hon bara har små rotskott, men gör ett försök.;https://roywwdnthvczcavmnrsw.supabase.co/storage/v1/object/public/plant-images/6712a310-fee2-4123-9d0b-ff088305935f/116aebb9-12ab-4e82-94ac-5f33e008a1d4.jpg;2026-06-04 21:57:01.687671+00
030b4187-5565-47a9-837a-24b5025379ef;f1b07214-c06f-4171-a69e-dbf252315ee8;2026-06-04;Misstänkt stamröta;Försök till att rädda henne. Avlägsnade keikin Bella och tog bort det som såg dött ut och behandlade henne enligt bild.;https://roywwdnthvczcavmnrsw.supabase.co/storage/v1/object/public/plant-images/6712a310-fee2-4123-9d0b-ff088305935f/a3708e69-ce82-43b6-b3dd-274196046fe3.jpg;2026-06-04 22:14:39.029958+00
7bbc9afc-590f-474b-8700-e98fbdff5d0d;ce029c82-a7e4-4c8a-b191-cdb5449f2285;2026-06-05;Nytt blad slår ut;;https://roywwdnthvczcavmnrsw.supabase.co/storage/v1/object/public/plant-images/6712a310-fee2-4123-9d0b-ff088305935f/4001f985-e20d-48c3-a348-77c417070c6f.jpg;2026-06-05 06:00:36.698499+00
b86ee3c1-823d-4d09-b09b-7df305502a64;c3600f7b-c20e-451a-9e80-cbf2ec7fc548;2026-06-05;Såg mögel;Såg mögel så fick börja om. Doppade henne i väteperoxid och tog bort det översta bladet. Hoppas hon kan återhämta sig nu.;https://roywwdnthvczcavmnrsw.supabase.co/storage/v1/object/public/plant-images/6712a310-fee2-4123-9d0b-ff088305935f/903942d3-6fb1-40e8-8eab-e8994ada6df0.jpg;2026-06-05 12:51:05.196026+00
2d721b95-8f64-48f8-95b8-e27078547a7f;0fd4faf3-2a49-4eb8-a414-4fd5621c2fa3;2026-06-05;Satt i terrarium;Hoppas hon kan få nya rötter;https://roywwdnthvczcavmnrsw.supabase.co/storage/v1/object/public/plant-images/6712a310-fee2-4123-9d0b-ff088305935f/416fbb54-2b6b-436e-9061-a57c3ca1e73e.jpg;2026-06-05 16:29:14.305447+00
3053e2bc-3de9-4dd9-8311-942cde63848b;f1b07214-c06f-4171-a69e-dbf252315ee8;2026-06-05;Satt i terrarium;Hoppas hon kan få nya rötter!;https://roywwdnthvczcavmnrsw.supabase.co/storage/v1/object/public/plant-images/6712a310-fee2-4123-9d0b-ff088305935f/5fd4b07d-5012-42f7-b69e-785894163df5.jpg;2026-06-05 16:36:01.462302+00
4f2e34b1-0d14-4db0-abe8-55f00558053b;7a054203-798f-4863-9448-0e7ea0877108;2026-06-05;Rötterna växer!;;https://roywwdnthvczcavmnrsw.supabase.co/storage/v1/object/public/plant-images/6712a310-fee2-4123-9d0b-ff088305935f/03ae6116-2fdf-4c3f-b6cc-9f23aa95e67f.jpg;2026-06-05 16:39:49.892024+00
572abad8-8c33-452a-8842-dc0565d1fc6a;c3600f7b-c20e-451a-9e80-cbf2ec7fc548;2026-06-05;Nytt försök!;Hoppas hon klarar sig nu!;https://roywwdnthvczcavmnrsw.supabase.co/storage/v1/object/public/plant-images/6712a310-fee2-4123-9d0b-ff088305935f/62fe3188-ba04-442e-8e20-77999fbfb55b.jpg;2026-06-05 16:50:12.814354+00
2e0410ea-aacc-40eb-8969-5ab74397b7ce;c0846e97-4237-4b81-8412-cccb1d37163c;2026-06-05;Omplanterad;Ny större kruka enligt självvattnande system. Får se om hon trivs!;https://roywwdnthvczcavmnrsw.supabase.co/storage/v1/object/public/plant-images/6712a310-fee2-4123-9d0b-ff088305935f/ed1a2976-e0da-4d3d-9355-fc15b350972a.jpg;2026-06-05 19:35:46.082534+00
c958d403-66e8-42de-ad6d-55ba18c85d4a;c0846e97-4237-4b81-8412-cccb1d37163c;2026-06-05;Blöta rötter;Blöta rötter när jag tvättade av gamla jorden. Dock inget nytt vatten i nya krukan än.;;2026-06-05 19:36:31.442827+00